Date,Close
2010-01-04,88.833336
2010-01-05,88.888885
2010-01-06,86.644447
2010-01-07,86.466667
2010-01-08,87.488892
2010-01-11,86.688889
2010-01-12,84.977776
2010-01-13,85.87777700000001
2010-01-14,87.066666
2010-01-15,85.87777700000001
2010-01-18,86.044441
2010-01-19,83.599998
2010-01-20,80.555557
2010-01-21,78.011108
2010-01-22,78.13333100000001
2010-01-25,78.099998
2010-01-27,76.577774
2010-01-28,74.888885
2010-01-29,74.155556
2010-02-01,77.63333100000001
2010-02-02,78.199997
2010-02-03,79.144447
2010-02-04,78.455559
2010-02-05,75.5
2010-02-06,0.0
2010-02-08,76.27777900000001
2010-02-09,76.288887
2010-02-10,77.522224
2010-02-11,77.455559
2010-02-15,75.23333000000001
2010-02-16,76.455559
2010-02-17,76.900002
2010-02-18,77.577774
2010-02-19,78.955559
2010-02-22,80.72222099999999
2010-02-23,79.655556
2010-02-24,80.655556
2010-02-25,78.711113
2010-02-26,77.077774
2010-03-02,75.23333000000001
2010-03-03,75.966667
2010-03-04,75.5
2010-03-05,75.688889
2010-03-08,76.511108
2010-03-09,76.044441
2010-03-10,75.355553
2010-03-11,73.611115
2010-03-12,73.766663
2010-03-15,72.91111
2010-03-16,74.23333000000001
2010-03-17,73.611115
2010-03-18,71.855553
2010-03-19,71.41111
2010-03-22,70.577774
2010-03-23,69.655556
2010-03-25,68.477776
2010-03-26,68.91111
2010-03-29,71.199997
2010-03-30,70.422218
2010-03-31,70.788887
2010-04-01,70.22222099999999
2010-04-05,68.833336
2010-04-06,68.444443
2010-04-07,68.711113
2010-04-08,69.355553
2010-04-09,68.611115
2010-04-12,68.033333
2010-04-13,68.466667
2010-04-15,67.699997
2010-04-16,67.355553
2010-04-19,66.82222
2010-04-20,66.73333000000001
2010-04-21,66.388885
2010-04-22,66.855553
2010-04-23,67.466667
2010-04-26,66.900002
2010-04-27,67.422218
2010-04-28,67.12222299999999
2010-04-29,65.522224
2010-04-30,70.08889
2010-05-03,71.666664
2010-05-04,72.688889
2010-05-05,73.077774
2010-05-06,73.966667
2010-05-07,74.5
2010-05-10,73.199997
2010-05-11,72.833336
2010-05-12,73.599998
2010-05-13,73.011108
2010-05-14,73.86666899999999
2010-05-17,74.666664
2010-05-18,74.666664
2010-05-19,74.811111
2010-05-20,77.12222299999999
2010-05-21,77.155556
2010-05-24,76.211113
2010-05-25,74.73333000000001
2010-05-26,75.344444
2010-05-27,78.077774
2010-05-28,79.644447
2010-05-31,80.811111
2010-06-01,80.555557
2010-06-02,81.17778
2010-06-03,80.800003
2010-06-04,81.611115
2010-06-07,79.244446
2010-06-08,77.5
2010-06-09,78.766663
2010-06-10,78.72222099999999
2010-06-11,77.077774
2010-06-14,80.36666899999999
2010-06-15,75.188889
2010-06-16,75.922218
2010-06-17,76.433334
2010-06-18,75.599998
2010-06-21,76.144447
2010-06-22,78.77777900000001
2010-06-23,79.788887
2010-06-24,78.12222299999999
2010-06-25,89.37777700000001
2010-06-28,96.22222099999999
2010-06-29,96.888885
2010-06-30,104.333336
2010-07-01,104.422218
2010-07-02,105.599998
2010-07-05,103.655556
2010-07-06,102.644447
2010-07-07,102.344444
2010-07-08,106.05555700000001
2010-07-09,108.599998
2010-07-12,105.91111000000001
2010-07-13,107.16666399999998
2010-07-14,105.36666899999999
2010-07-15,99.022224
2010-07-16,99.611115
2010-07-19,99.644447
2010-07-20,97.066666
2010-07-21,97.933334
2010-07-22,97.922218
2010-07-23,97.0
2010-07-26,95.73333000000001
2010-07-27,96.255554
2010-07-28,97.711113
2010-07-29,96.17778
2010-07-30,96.32222
2010-08-02,96.766663
2010-08-03,98.22222099999999
2010-08-04,97.300003
2010-08-05,98.311111
2010-08-06,98.67778
2010-08-09,99.12222299999999
2010-08-10,100.41111
2010-08-11,103.477776
2010-08-12,108.55555700000001
2010-08-13,107.844444
2010-08-16,107.066666
2010-08-17,110.36666899999999
2010-08-18,112.62222299999999
2010-08-19,111.46666699999999
2010-08-20,113.41111000000001
2010-08-23,119.51110800000001
2010-08-24,115.54444099999999
2010-08-25,114.91111000000001
2010-08-26,116.755554
2010-08-27,118.17778
2010-08-30,118.54444099999999
2010-08-31,116.855553
2010-09-01,118.755554
2010-09-02,117.71111299999998
2010-09-03,113.55555700000001
2010-09-06,115.36666899999999
2010-09-07,114.51110800000001
2010-09-08,117.266663
2010-09-09,117.23333000000001
2010-09-13,117.58888999999999
2010-09-14,121.31111100000001
2010-09-15,120.83333600000002
2010-09-16,118.61111499999998
2010-09-17,118.28888700000002
2010-09-20,120.94444299999999
2010-09-21,120.022224
2010-09-22,120.04444099999999
2010-09-23,120.08888999999999
2010-09-24,120.53333300000001
2010-09-27,120.31111100000001
2010-09-28,119.400002
2010-09-29,115.54444099999999
2010-09-30,112.699997
2010-10-01,114.27777900000001
2010-10-04,115.05555700000001
2010-10-05,116.144447
2010-10-06,114.77777900000001
2010-10-07,114.31111100000001
2010-10-08,113.766663
2010-10-11,113.58888999999999
2010-10-12,114.13333100000001
2010-10-13,115.077774
2010-10-14,110.66666399999998
2010-10-15,108.522224
2010-10-18,109.53333300000001
2010-10-19,109.744446
2010-10-20,109.11111499999998
2010-10-21,110.36666899999999
2010-10-22,111.12222299999999
2010-10-25,111.36666899999999
2010-10-26,109.31111100000001
2010-10-27,108.11111499999998
2010-10-28,108.23333000000001
2010-10-29,108.28888700000002
2010-11-01,110.12222299999999
2010-11-02,110.71111299999998
2010-11-03,109.022224
2010-11-04,107.63333100000001
2010-11-08,104.022224
2010-11-09,104.17778
2010-11-10,105.21111299999998
2010-11-11,101.0
2010-11-12,100.555557
2010-11-15,103.12222299999999
2010-11-16,102.422218
2010-11-18,103.555557
2010-11-19,98.67778
2010-11-22,99.544441
2010-11-23,98.544441
2010-11-24,96.37777700000001
2010-11-25,91.300003
2010-11-26,91.688889
2010-11-29,90.933334
2010-11-30,91.688889
2010-12-01,95.888885
2010-12-02,94.333336
2010-12-03,92.155556
2010-12-06,90.577774
2010-12-07,88.155556
2010-12-08,91.155556
2010-12-09,87.755554
2010-12-10,89.355553
2010-12-13,88.044441
2010-12-14,89.077774
2010-12-15,92.766663
2010-12-16,93.466667
2010-12-20,92.72222099999999
2010-12-21,91.888885
2010-12-22,92.72222099999999
2010-12-23,90.666664
2010-12-24,88.855553
2010-12-27,88.666664
2010-12-28,87.333336
2010-12-29,88.255554
2010-12-30,86.244446
2010-12-31,87.033333
2011-01-03,88.033333
2011-01-04,87.144447
2011-01-05,87.0
2011-01-06,86.08889
2011-01-07,86.67778
2011-01-10,84.455559
2011-01-11,84.644447
2011-01-12,84.900002
2011-01-13,80.566666
2011-01-14,79.988892
2011-01-17,79.655556
2011-01-18,79.63333100000001
2011-01-19,79.900002
2011-01-20,78.244446
2011-01-21,81.544441
2011-01-24,82.166664
2011-01-25,84.144447
2011-01-27,80.388885
2011-01-28,81.155556
2011-01-31,79.800003
2011-02-01,76.788887
2011-02-02,75.844444
2011-02-03,75.744446
2011-02-04,75.72222099999999
2011-02-07,77.23333000000001
2011-02-08,77.155556
2011-02-09,75.066666
2011-02-10,75.655556
2011-02-11,75.86666899999999
2011-02-14,78.244446
2011-02-15,78.41111
2011-02-16,79.144447
2011-02-17,79.011108
2011-02-18,75.922218
2011-02-21,74.87777700000001
2011-02-22,71.533333
2011-02-23,71.022224
2011-02-24,68.63333100000001
2011-02-25,69.41111
2011-02-28,71.17778
2011-03-01,72.933334
2011-03-03,71.87777700000001
2011-03-04,73.211113
2011-03-07,70.811111
2011-03-08,71.944443
2011-03-09,71.033333
2011-03-10,70.08889
2011-03-11,71.355553
2011-03-14,74.533333
2011-03-15,74.255554
2011-03-16,75.066666
2011-03-17,75.044441
2011-03-18,73.833336
2011-03-21,75.67778
2011-03-22,75.255554
2011-03-23,74.311111
2011-03-24,74.333336
2011-03-25,75.63333100000001
2011-03-28,75.188889
2011-03-29,76.82222
2011-03-30,79.655556
2011-03-31,79.23333000000001
2011-04-01,78.300003
2011-04-04,77.988892
2011-04-05,77.666664
2011-04-06,78.511108
2011-04-07,81.5
2011-04-08,78.599998
2011-04-11,76.744446
2011-04-13,80.022224
2011-04-15,80.355553
2011-04-18,80.32222
2011-04-19,82.922218
2011-04-20,84.23333000000001
2011-04-21,83.211113
2011-04-25,83.055557
2011-04-26,82.444443
2011-04-27,83.355553
2011-04-28,83.300003
2011-04-29,82.82222
2011-05-02,85.62222299999999
2011-05-03,84.72222099999999
2011-05-04,86.511108
2011-05-05,86.688889
2011-05-06,89.0
2011-05-09,86.211113
2011-05-10,86.033333
2011-05-11,86.08889
2011-05-12,86.188889
2011-05-13,85.433334
2011-05-16,84.844444
2011-05-17,83.211113
2011-05-18,79.555557
2011-05-19,79.311111
2011-05-20,80.288887
2011-05-23,81.36666899999999
2011-05-24,80.244446
2011-05-25,78.36666899999999
2011-05-26,78.944443
2011-05-27,82.966667
2011-05-30,83.41111
2011-05-31,84.555557
2011-06-01,85.066666
2011-06-02,85.77777900000001
2011-06-03,84.0
2011-06-06,82.355553
2011-06-07,83.755554
2011-06-08,84.533333
2011-06-09,82.522224
2011-06-10,81.311111
2011-06-13,82.488892
2011-06-14,82.433334
2011-06-15,83.155556
2011-06-16,82.833336
2011-06-17,84.977776
2011-06-20,83.111115
2011-06-21,82.344444
2011-06-22,82.0
2011-06-23,82.199997
2011-06-24,87.244446
2011-06-27,92.311111
2011-06-28,90.655556
2011-06-29,89.211113
2011-06-30,88.333336
2011-07-01,87.055557
2011-07-04,87.5
2011-07-05,89.444443
2011-07-06,88.855553
2011-07-07,88.955559
2011-07-08,87.244446
2011-07-11,88.255554
2011-07-12,88.86666899999999
2011-07-13,89.288887
2011-07-14,88.37777700000001
2011-07-15,89.77777900000001
2011-07-18,90.844444
2011-07-19,90.255554
2011-07-20,89.033333
2011-07-21,88.41111
2011-07-22,88.888885
2011-07-25,88.87777700000001
2011-07-26,85.900002
2011-07-27,86.13333100000001
2011-07-28,84.244446
2011-07-29,85.27777900000001
2011-08-01,83.266663
2011-08-02,83.077774
2011-08-03,83.833336
2011-08-04,87.188889
2011-08-05,89.87777700000001
2011-08-08,89.27777900000001
2011-08-09,87.977776
2011-08-10,87.688889
2011-08-11,87.077774
2011-08-12,85.32222
2011-08-16,83.944443
2011-08-17,84.27777900000001
2011-08-18,84.27777900000001
2011-08-19,85.555557
2011-08-22,84.811111
2011-08-23,85.72222099999999
2011-08-24,86.12222299999999
2011-08-25,83.300003
2011-08-26,83.355553
2011-08-29,83.77777900000001
2011-08-30,82.988892
2011-09-02,84.422218
2011-09-05,85.17778
2011-09-06,86.37777700000001
2011-09-07,87.066666
2011-09-08,82.944443
2011-09-09,80.166664
2011-09-12,81.22222099999999
2011-09-13,80.522224
2011-09-14,81.566666
2011-09-15,83.944443
2011-09-16,83.355553
2011-09-19,82.055557
2011-09-20,82.08889
2011-09-21,82.255554
2011-09-22,82.966667
2011-09-23,82.599998
2011-09-26,82.244446
2011-09-27,81.77777900000001
2011-09-28,80.011108
2011-09-29,81.400002
2011-09-30,81.455559
2011-10-03,83.988892
2011-10-04,83.699997
2011-10-05,82.444443
2011-10-07,81.744446
2011-10-10,81.67778
2011-10-11,80.022224
2011-10-12,79.933334
2011-10-13,77.72222099999999
2011-10-14,77.522224
2011-10-17,74.977776
2011-10-18,76.23333000000001
2011-10-19,76.666664
2011-10-20,75.72222099999999
2011-10-21,76.211113
2011-10-24,75.63333100000001
2011-10-25,75.82222
2011-10-28,75.13333100000001
2011-10-31,74.033333
2011-11-01,74.577774
2011-11-02,75.477776
2011-11-03,75.655556
2011-11-04,75.477776
2011-11-08,73.855553
2011-11-09,70.166664
2011-11-11,69.266663
2011-11-14,68.22222099999999
2011-11-15,67.044441
2011-11-16,63.599998
2011-11-17,62.244445999999996
2011-11-18,66.199997
2011-11-21,64.555557
2011-11-22,65.944443
2011-11-23,64.266663
2011-11-24,62.255554000000004
2011-11-25,62.466667
2011-11-28,64.12222299999999
2011-11-29,61.44444300000001
2011-11-30,61.44444300000001
2011-12-01,61.511112
2011-12-02,64.844444
2011-12-05,63.799999
2011-12-07,65.022224
2011-12-08,64.044441
2011-12-09,65.477776
2011-12-12,63.466667
2011-12-13,64.41111
2011-12-14,61.677776
2011-12-15,62.94444300000001
2011-12-16,58.566666000000005
2011-12-19,58.344443999999996
2011-12-20,56.011112
2011-12-21,58.91111
2011-12-22,59.611111
2011-12-23,58.44444300000001
2011-12-26,57.866665000000005
2011-12-27,57.933333999999995
2011-12-28,56.466667
2011-12-29,54.988888
2011-12-30,56.21110899999999
2012-01-02,56.177776
2012-01-03,56.155556000000004
2012-01-04,54.799999
2012-01-05,53.255554000000004
2012-01-06,53.677776
2012-01-07,0.0
2012-01-09,53.633331000000005
2012-01-10,54.577778
2012-01-11,56.21110899999999
2012-01-12,55.588885999999995
2012-01-13,56.44444300000001
2012-01-16,56.299999
2012-01-17,57.888889
2012-01-18,57.322224
2012-01-19,58.400002
2012-01-20,59.655556000000004
2012-01-23,60.066666000000005
2012-01-24,60.64444399999999
2012-01-25,63.633331000000005
2012-01-27,64.300003
2012-01-30,63.099998
2012-01-31,65.58889
2012-02-01,64.011108
2012-02-02,63.099998
2012-02-03,63.655556000000004
2012-02-06,63.577778
2012-02-07,62.755554000000004
2012-02-08,63.622223
2012-02-09,63.91111
2012-02-10,65.333336
2012-02-13,63.200001
2012-02-14,63.5
2012-02-15,64.433334
2012-02-16,64.86666899999999
2012-02-17,64.455559
2012-02-21,63.811111
2012-02-22,63.955555000000004
2012-02-23,66.144447
2012-02-24,63.933333999999995
2012-02-27,66.155556
2012-02-28,66.666664
2012-02-29,69.688889
2012-03-01,69.08889
2012-03-02,68.533333
2012-03-03,0.0
2012-03-05,68.511108
2012-03-06,69.266663
2012-03-07,66.355553
2012-03-09,66.87777700000001
2012-03-12,66.400002
2012-03-13,67.188889
2012-03-14,67.066666
2012-03-15,65.577774
2012-03-16,66.433334
2012-03-19,64.488892
2012-03-20,65.099998
2012-03-21,66.033333
2012-03-22,64.511108
2012-03-23,63.33333199999999
2012-03-26,63.188889
2012-03-27,63.14444399999999
2012-03-28,62.400002
2012-03-29,62.888889
2012-03-30,67.466667
2012-04-02,65.955559
2012-04-03,66.900002
2012-04-04,66.022224
2012-04-09,63.511112
2012-04-10,62.299999
2012-04-11,62.611111
2012-04-12,63.088885999999995
2012-04-13,62.244445999999996
2012-04-16,62.922222
2012-04-17,64.466667
2012-04-18,65.255554
2012-04-19,66.577774
2012-04-20,67.72222099999999
2012-04-23,65.422218
2012-04-24,66.544441
2012-04-25,67.833336
2012-04-26,65.36666899999999
2012-04-27,65.744446
2012-04-30,66.988892
2012-05-02,66.244446
2012-05-03,65.800003
2012-05-04,66.58889
2012-05-07,68.23333000000001
2012-05-08,67.144447
2012-05-09,66.844444
2012-05-10,67.044441
2012-05-11,66.533333
2012-05-14,67.699997
2012-05-15,67.255554
2012-05-16,67.766663
2012-05-17,67.844444
2012-05-18,68.155556
2012-05-21,68.022224
2012-05-22,68.188889
2012-05-23,68.833336
2012-05-24,68.066666
2012-05-25,66.82222
2012-05-28,66.155556
2012-05-29,65.599998
2012-05-30,64.37777700000001
2012-05-31,64.544441
2012-06-01,66.044441
2012-06-04,68.966667
2012-06-05,67.955559
2012-06-06,66.788887
2012-06-07,65.599998
2012-06-08,67.37777700000001
2012-06-11,67.555557
2012-06-12,67.933334
2012-06-13,67.0
2012-06-14,67.255554
2012-06-15,66.544441
2012-06-18,67.12222299999999
2012-06-19,71.12222299999999
2012-06-20,71.666664
2012-06-21,74.688889
2012-06-22,74.188889
2012-06-25,73.13333100000001
2012-06-26,75.144447
2012-06-27,74.67778
2012-06-28,74.711113
2012-06-29,74.488892
2012-07-02,73.91111
2012-07-03,77.066666
2012-07-04,75.800003
2012-07-05,75.922218
2012-07-06,76.566666
2012-07-09,77.22222099999999
2012-07-10,76.455559
2012-07-11,76.32222
2012-07-12,78.800003
2012-07-13,77.87777700000001
2012-07-16,76.211113
2012-07-17,77.27777900000001
2012-07-18,76.63333100000001
2012-07-19,77.599998
2012-07-20,75.87777700000001
2012-07-23,75.199997
2012-07-24,76.933334
2012-07-25,76.044441
2012-07-26,73.944443
2012-07-27,74.32222
2012-07-30,74.32222
2012-07-31,76.37777700000001
2012-08-01,75.08889
2012-08-02,73.466667
2012-08-03,74.288887
2012-08-06,73.0
2012-08-07,70.82222
2012-08-08,71.566666
2012-08-09,69.77777900000001
2012-08-10,71.511108
2012-08-13,71.533333
2012-08-14,70.699997
2012-08-16,68.73333000000001
2012-08-17,69.166664
2012-08-21,69.333336
2012-08-22,71.011108
2012-08-23,71.12222299999999
2012-08-24,70.86666899999999
2012-08-27,70.300003
2012-08-28,69.72222099999999
2012-08-29,68.933334
2012-08-30,68.255554
2012-08-31,66.188889
2012-09-03,65.266663
2012-09-04,66.788887
2012-09-05,67.5
2012-09-06,68.688889
2012-09-07,67.344444
2012-09-08,0.0
2012-09-10,67.288887
2012-09-11,69.022224
2012-09-12,67.988892
2012-09-13,68.422218
2012-09-14,66.72222099999999
2012-09-17,63.988888
2012-09-18,63.611111
2012-09-20,65.87777700000001
2012-09-21,66.444443
2012-09-24,67.788887
2012-09-25,68.244446
2012-09-26,69.255554
2012-09-27,67.833336
2012-09-28,68.422218
2012-10-01,69.32222
2012-10-03,69.22222099999999
2012-10-04,71.444443
2012-10-05,70.244446
2012-10-08,69.87777700000001
2012-10-09,70.699997
2012-10-10,68.922218
2012-10-11,69.055557
2012-10-12,68.488892
2012-10-15,68.011108
2012-10-16,66.788887
2012-10-17,66.855553
2012-10-18,66.955559
2012-10-19,66.699997
2012-10-22,66.611115
2012-10-23,66.87777700000001
2012-10-25,67.22222099999999
2012-10-29,66.5
2012-10-30,66.211113
2012-10-31,66.37777700000001
2012-11-01,66.444443
2012-11-02,66.811111
2012-11-05,67.388885
2012-11-06,66.444443
2012-11-07,66.544441
2012-11-08,68.333336
2012-11-09,67.0
2012-11-11,0.0
2012-11-12,66.922218
2012-11-15,65.788887
2012-11-16,65.555557
2012-11-19,63.766666
2012-11-20,63.188889
2012-11-21,63.266666
2012-11-22,62.555553
2012-11-23,62.14444399999999
2012-11-26,61.288887
2012-11-27,61.622223
2012-11-29,63.33333199999999
2012-11-30,63.766666
2012-12-03,64.300003
2012-12-04,63.166664000000004
2012-12-05,63.733334
2012-12-06,64.0
2012-12-07,64.455559
2012-12-10,64.044441
2012-12-11,63.311111
2012-12-12,62.455555000000004
2012-12-13,62.677776
2012-12-14,62.577778
2012-12-17,62.366665000000005
2012-12-18,62.222221
2012-12-19,63.055553
2012-12-20,62.788887
2012-12-21,61.955555000000004
2012-12-24,62.311111
2012-12-26,62.322224
2012-12-27,62.477776
2012-12-28,65.12222299999999
2012-12-31,64.644447
2013-01-01,64.400002
2013-01-02,65.955559
2013-01-03,66.244446
2013-01-04,69.73333000000001
2013-01-07,73.12222299999999
2013-01-08,71.833336
2013-01-09,74.644447
2013-01-10,73.388885
2013-01-11,72.444443
2013-01-14,73.32222
2013-01-15,73.577774
2013-01-16,72.488892
2013-01-17,76.422218
2013-01-18,80.533333
2013-01-21,82.844444
2013-01-22,80.800003
2013-01-23,79.211113
2013-01-24,76.73333000000001
2013-01-25,77.888885
2013-01-28,75.766663
2013-01-29,73.977776
2013-01-30,73.91111
2013-01-31,73.033333
2013-02-01,75.188889
2013-02-04,73.111115
2013-02-05,73.644447
2013-02-06,73.58889
2013-02-07,71.044441
2013-02-08,71.099998
2013-02-11,70.944443
2013-02-12,72.533333
2013-02-13,70.355553
2013-02-14,69.755554
2013-02-15,68.966667
2013-02-18,69.32222
2013-02-19,69.166664
2013-02-20,70.599998
2013-02-21,69.744446
2013-02-22,70.36666899999999
2013-02-25,69.477776
2013-02-26,66.766663
2013-02-27,67.62222299999999
2013-02-28,64.388885
2013-03-01,67.199997
2013-03-04,66.244446
2013-03-05,66.855553
2013-03-06,66.788887
2013-03-07,67.266663
2013-03-08,69.033333
2013-03-11,68.37777700000001
2013-03-12,68.188889
2013-03-13,66.72222099999999
2013-03-14,67.86666899999999
2013-03-15,67.655556
2013-03-18,66.955559
2013-03-19,65.266663
2013-03-20,64.966667
2013-03-21,63.21110899999999
2013-03-22,63.122223
2013-03-25,62.700001
2013-03-26,62.44444300000001
2013-03-28,63.377777
2013-04-01,62.888889
2013-04-02,63.555553
2013-04-03,62.85555600000001
2013-04-04,62.111111
2013-04-05,63.133331000000005
2013-04-08,64.488892
2013-04-09,64.477776
2013-04-10,64.988892
2013-04-11,64.666664
2013-04-12,66.066666
2013-04-15,69.333336
2013-04-16,70.033333
2013-04-17,68.400002
2013-04-18,70.111115
2013-04-22,70.522224
2013-04-23,69.644447
2013-04-25,68.87777700000001
2013-04-26,68.644447
2013-04-29,69.666664
2013-04-30,68.22222099999999
2013-05-02,69.388885
2013-05-03,67.67778
2013-05-06,67.32222
2013-05-07,67.63333100000001
2013-05-08,67.73333000000001
2013-05-09,68.244446
2013-05-10,69.555557
2013-05-13,68.155556
2013-05-14,68.13333100000001
2013-05-15,69.144447
2013-05-16,70.455559
2013-05-17,69.288887
2013-05-20,67.644447
2013-05-21,67.955559
2013-05-22,64.655556
2013-05-23,63.288887
2013-05-24,64.08889
2013-05-27,63.477776
2013-05-28,64.199997
2013-05-29,63.41111
2013-05-30,63.511112
2013-05-31,62.599998
2013-06-03,63.011112
2013-06-04,63.155556000000004
2013-06-05,63.011112
2013-06-06,62.33333199999999
2013-06-07,62.222221
2013-06-10,60.599998
2013-06-11,57.733334
2013-06-12,58.111111
2013-06-13,56.866665000000005
2013-06-14,58.21110899999999
2013-06-17,57.700001
2013-06-18,57.422222
2013-06-19,57.288887
2013-06-20,56.022220999999995
2013-06-21,55.288887
2013-06-24,53.688889
2013-06-25,53.966667
2013-06-26,53.94444300000001
2013-06-27,54.233334
2013-06-28,56.244445999999996
2013-07-01,57.33333199999999
2013-07-02,56.700001
2013-07-03,54.522220999999995
2013-07-04,55.477776
2013-07-05,55.099998
2013-07-08,52.966667
2013-07-09,52.64444399999999
2013-07-10,50.799999
2013-07-11,51.244446
2013-07-12,51.566666
2013-07-15,51.777778999999995
2013-07-16,52.311111
2013-07-17,50.444443
2013-07-18,50.722221000000005
2013-07-19,50.333332
2013-07-22,50.488888
2013-07-23,51.266666
2013-07-24,50.299999
2013-07-25,51.200001
2013-07-26,51.744446
2013-07-29,49.777778999999995
2013-07-30,44.277778999999995
2013-07-31,47.033333
2013-08-01,44.522221
2013-08-02,42.744446
2013-08-05,42.233334
2013-08-06,39.655556
2013-08-07,41.055553
2013-08-08,41.700001
2013-08-12,42.233334
2013-08-13,42.200001
2013-08-14,42.511112
2013-08-16,40.344444
2013-08-19,39.466667
2013-08-20,40.344444
2013-08-21,39.266666
2013-08-22,40.577778
2013-08-23,41.211109
2013-08-26,41.288887
2013-08-27,39.577778
2013-08-28,36.41111
2013-08-29,36.244446
2013-08-30,37.277778999999995
2013-09-02,37.744446
2013-09-03,36.744446
2013-09-04,37.733334
2013-09-05,38.666664000000004
2013-09-06,40.977776
2013-09-10,40.666664000000004
2013-09-11,42.322224
2013-09-12,40.722221000000005
2013-09-13,41.533333
2013-09-16,43.400002
2013-09-17,43.41111
2013-09-18,44.144444
2013-09-19,45.722221000000005
2013-09-20,46.255554
2013-09-23,43.644444
2013-09-24,43.011112
2013-09-25,41.644444
2013-09-26,41.477776
2013-09-27,42.266666
2013-09-30,42.700001
2013-10-01,42.388889
2013-10-03,42.344444
2013-10-04,42.677776
2013-10-07,42.922222
2013-10-08,42.377777
2013-10-09,42.5
2013-10-10,42.355556
2013-10-11,42.200001
2013-10-14,42.155556
2013-10-15,41.011112
2013-10-17,41.277778999999995
2013-10-18,42.41111
2013-10-21,42.422222
2013-10-22,44.066666
2013-10-23,44.311111
2013-10-24,43.811111
2013-10-25,42.533333
2013-10-28,42.455555
2013-10-29,43.91111
2013-10-30,44.599998
2013-10-31,44.744446
2013-11-01,45.777778999999995
2013-11-05,49.577778
2013-11-06,50.677776
2013-11-07,47.933334
2013-11-08,48.644444
2013-11-11,46.844444
2013-11-12,46.933334
2013-11-13,46.844444
2013-11-14,46.655556
2013-11-18,47.011112
2013-11-19,47.677776
2013-11-20,47.033333
2013-11-21,44.900002
2013-11-22,44.977776
2013-11-25,47.544445
2013-11-26,45.333332
2013-11-27,45.544445
2013-11-28,46.133331
2013-11-29,47.766666
2013-12-02,48.255554
2013-12-03,47.599998
2013-12-04,46.877777
2013-12-05,49.644444
2013-12-06,49.633331
2013-12-09,52.111111
2013-12-10,51.166664000000004
2013-12-11,50.344444
2013-12-12,49.633331
2013-12-13,48.511112
2013-12-16,47.477776
2013-12-17,47.177776
2013-12-18,49.444443
2013-12-19,48.922222
2013-12-20,51.166664000000004
2013-12-23,51.355556
2013-12-24,52.722221
2013-12-26,52.655556000000004
2013-12-27,53.311111
2013-12-30,52.477776
2013-12-31,52.733334
2014-01-01,53.233334
2014-01-02,51.644444
2014-01-03,50.455555
2014-01-06,50.122223
2014-01-07,49.255554
2014-01-08,48.255554
2014-01-09,48.944443
2014-01-10,49.044445
2014-01-13,48.988888
2014-01-14,48.566666
2014-01-15,49.366665000000005
2014-01-16,50.233334
2014-01-17,52.622223
2014-01-20,51.933334
2014-01-21,51.933334
2014-01-22,52.85555600000001
2014-01-23,52.333332
2014-01-24,51.611111
2014-01-27,50.677776
2014-01-28,50.444443
2014-01-29,53.41111
2014-01-30,51.744446
2014-01-31,54.277779
2014-02-03,54.311111
2014-02-04,53.366665000000005
2014-02-05,53.322224
2014-02-06,53.933333999999995
2014-02-07,53.622223
2014-02-10,53.844443999999996
2014-02-11,55.488888
2014-02-12,54.622223
2014-02-13,52.200001
2014-02-14,52.522220999999995
2014-02-17,52.922222
2014-02-18,53.35555600000001
2014-02-19,53.288887
2014-02-20,53.822224
2014-02-21,56.322224
2014-02-24,56.066666000000005
2014-02-25,56.933333999999995
2014-02-26,58.377777
2014-02-28,58.83333199999999
2014-03-03,60.011112
2014-03-04,60.344443999999996
2014-03-05,61.077778
2014-03-06,62.988888
2014-03-07,64.544441
2014-03-10,64.199997
2014-03-11,63.722221
2014-03-12,62.422222
2014-03-13,64.62222299999999
2014-03-14,63.366665000000005
2014-03-18,65.599998
2014-03-19,64.86666899999999
2014-03-20,63.777779
2014-03-21,61.799999
2014-03-22,0.0
2014-03-24,62.94444300000001
2014-03-25,64.488892
2014-03-26,64.988892
2014-03-27,65.988892
2014-03-28,68.166664
2014-03-31,68.844444
2014-04-01,67.444443
2014-04-02,68.344444
2014-04-03,66.788887
2014-04-04,69.855553
2014-04-07,68.300003
2014-04-09,69.73333000000001
2014-04-10,70.77777900000001
2014-04-11,69.066666
2014-04-15,69.82222
2014-04-16,67.300003
2014-04-17,69.32222
2014-04-21,70.86666899999999
2014-04-22,72.833336
2014-04-23,72.555557
2014-04-24,72.555557
2014-04-25,70.022224
2014-04-28,70.699997
2014-04-29,70.766663
2014-04-30,71.522224
2014-05-02,73.211113
2014-05-05,74.455559
2014-05-06,75.888885
2014-05-07,77.266663
2014-05-08,77.611115
2014-05-09,80.644447
2014-05-12,83.655556
2014-05-13,84.022224
2014-05-14,83.655556
2014-05-15,83.444443
2014-05-16,89.900002
2014-05-19,96.511108
2014-05-20,95.87777700000001
2014-05-21,94.32222
2014-05-22,95.922218
2014-05-23,96.599998
2014-05-26,96.988892
2014-05-27,94.511108
2014-05-28,90.73333000000001
2014-05-29,91.355553
2014-05-30,89.033333
2014-06-02,94.099998
2014-06-03,94.255554
2014-06-04,94.266663
2014-06-05,99.23333000000001
2014-06-06,101.288887
2014-06-09,98.644447
2014-06-10,95.688889
2014-06-11,95.077774
2014-06-12,95.22222099999999
2014-06-13,87.388885
2014-06-16,90.611115
2014-06-17,94.033333
2014-06-18,89.36666899999999
2014-06-19,86.488892
2014-06-20,86.22222099999999
2014-06-23,86.900002
2014-06-24,93.17778
2014-06-25,92.511108
2014-06-26,88.522224
2014-06-27,88.266663
2014-06-30,92.488892
2014-07-01,91.811111
2014-07-02,92.711113
2014-07-03,92.08889
2014-07-04,93.655556
2014-07-07,90.755554
2014-07-08,85.900002
2014-07-09,88.577774
2014-07-10,88.022224
2014-07-11,83.755554
2014-07-14,85.977776
2014-07-15,89.111115
2014-07-16,90.23333000000001
2014-07-17,90.72222099999999
2014-07-18,87.87777700000001
2014-07-21,86.577774
2014-07-22,85.966667
2014-07-23,87.811111
2014-07-24,87.400002
2014-07-25,85.433334
2014-07-28,85.17778
2014-07-30,86.511108
2014-07-31,88.73333000000001
2014-08-01,89.466667
2014-08-04,94.044441
2014-08-05,92.433334
2014-08-06,89.811111
2014-08-07,92.900002
2014-08-08,88.566666
2014-08-11,90.91111
2014-08-12,89.988892
2014-08-13,92.255554
2014-08-14,92.066666
2014-08-18,97.91111
2014-08-19,100.355553
2014-08-20,99.533333
2014-08-21,103.87777700000001
2014-08-22,101.855553
2014-08-25,101.055557
2014-08-26,99.36666899999999
2014-08-27,100.800003
2014-08-28,101.77777900000001
2014-09-01,103.666664
2014-09-02,104.711113
2014-09-03,106.022224
2014-09-04,104.13333100000001
2014-09-05,105.5
2014-09-08,110.21111299999998
2014-09-09,109.855553
2014-09-10,107.82222
2014-09-11,110.900002
2014-09-12,109.66666399999998
2014-09-15,110.766663
2014-09-16,104.244446
2014-09-17,105.13333100000001
2014-09-18,108.244446
2014-09-19,106.099998
2014-09-22,107.344444
2014-09-23,105.522224
2014-09-24,106.44444299999999
2014-09-25,101.988892
2014-09-26,105.45555900000001
2014-09-29,104.344444
2014-09-30,107.144447
2014-10-01,108.54444099999999
2014-10-07,107.78888700000002
2014-10-08,113.766663
2014-10-09,113.71111299999998
2014-10-10,113.022224
2014-10-13,113.03333300000001
2014-10-14,110.58888999999999
2014-10-15,110.58888999999999
2014-10-16,110.266663
2014-10-17,109.266663
2014-10-20,117.33333600000002
2014-10-21,115.355553
2014-10-22,116.155556
2014-10-27,114.63333100000001
2014-10-28,115.144447
2014-10-29,115.522224
2014-10-30,116.03333300000001
2014-10-31,117.86666899999999
2014-11-03,119.0
2014-11-05,121.400002
2014-11-07,126.92221799999999
2014-11-10,128.588882
2014-11-11,128.344437
2014-11-12,128.588882
2014-11-13,120.51110800000001
2014-11-14,123.36666899999999
2014-11-17,122.18888899999999
2014-11-18,119.400002
2014-11-19,119.17778
2014-11-20,118.62222299999999
2014-11-21,118.78888700000002
2014-11-24,117.55555700000001
2014-11-25,117.255554
2014-11-26,117.744446
2014-11-27,121.67778
2014-11-28,132.566666
2014-12-01,134.122223
2014-12-02,131.699997
2014-12-03,128.733337
2014-12-04,129.544449
2014-12-05,126.63333100000001
2014-12-08,126.22222099999999
2014-12-09,129.455551
2014-12-10,127.62222299999999
2014-12-11,126.800003
2014-12-12,124.933334
2014-12-15,120.27777900000001
2014-12-16,122.51110800000001
2014-12-17,122.13333100000001
2014-12-18,127.98889199999999
2014-12-19,126.933334
2014-12-22,127.144447
2014-12-23,125.73333000000001
2014-12-24,122.05555700000001
2014-12-26,120.255554
2014-12-29,120.933334
2014-12-30,122.21111299999998
2014-12-31,121.655556
2015-01-01,122.344444
2015-01-02,121.38888500000002
2015-01-05,124.82222
2015-01-06,123.58888999999999
2015-01-07,126.355553
2015-01-08,132.899994
2015-01-09,130.911118
2015-01-12,130.0
2015-01-13,130.688889
2015-01-14,127.37777700000001
2015-01-15,128.88888500000002
2015-01-16,127.144447
2015-01-19,124.344444
2015-01-20,125.566666
2015-01-21,126.066666
2015-01-22,124.31111100000001
2015-01-23,128.35556
2015-01-27,127.244446
2015-01-28,132.711105
2015-01-29,141.46666000000002
2015-01-30,146.211105
2015-02-02,139.733337
2015-02-03,133.222229
2015-02-04,133.833328
2015-02-05,134.511108
2015-02-06,129.688889
2015-02-09,127.72222099999999
2015-02-10,129.61111499999998
2015-02-11,132.933334
2015-02-12,132.766663
2015-02-13,139.11111499999998
2015-02-16,132.688889
2015-02-18,131.02221699999998
2015-02-19,132.199997
2015-02-20,133.666672
2015-02-23,132.366669
2015-02-24,134.97778300000002
2015-02-25,136.5
2015-02-26,132.188889
2015-02-27,134.633331
2015-02-28,0.0
2015-03-02,145.433334
2015-03-03,145.800003
2015-03-04,141.722229
2015-03-05,142.899994
2015-03-09,140.722229
2015-03-10,141.344437
2015-03-11,137.61111499999998
2015-03-12,138.699997
2015-03-13,138.422226
2015-03-16,139.444443
2015-03-17,140.711105
2015-03-18,145.211105
2015-03-19,143.444443
2015-03-20,139.566666
2015-03-23,138.511108
2015-03-24,140.577774
2015-03-25,139.811111
2015-03-26,136.74444599999998
2015-03-27,137.688889
2015-03-30,139.411118
2015-03-31,144.399994
2015-04-01,145.199997
2015-04-06,145.566666
2015-04-07,143.0
2015-04-08,149.5
2015-04-09,148.066666
2015-04-10,147.277771
2015-04-13,145.422226
2015-04-15,143.955551
2015-04-16,140.788895
2015-04-17,141.377777
2015-04-20,141.133331
2015-04-21,139.88888500000002
2015-04-22,143.922226
2015-04-23,143.38888500000002
2015-04-24,138.844437
2015-04-27,132.25555400000002
2015-04-28,138.0
2015-04-29,137.444443
2015-04-30,138.922226
2015-05-04,140.0
2015-05-05,139.722229
2015-05-06,132.02221699999998
2015-05-07,125.599998
2015-05-08,131.444443
2015-05-11,134.555557
2015-05-12,130.300003
2015-05-13,129.811111
2015-05-14,133.122223
2015-05-15,134.166672
2015-05-18,139.622223
2015-05-19,139.699997
2015-05-20,140.02221699999998
2015-05-21,136.800003
2015-05-22,136.233337
2015-05-25,138.088882
2015-05-26,136.85556
2015-05-27,140.0
2015-05-28,141.300003
2015-05-29,149.96666000000002
2015-06-01,154.344437
2015-06-02,151.32222
2015-06-03,149.933334
2015-06-04,150.811111
2015-06-05,151.766663
2015-06-08,148.922226
2015-06-09,155.044449
2015-06-10,155.188889
2015-06-11,153.566666
2015-06-12,153.122223
2015-06-15,153.922226
2015-06-16,156.211105
2015-06-17,154.199997
2015-06-18,158.788895
2015-06-19,162.899994
2015-06-22,163.277771
2015-06-23,163.866669
2015-06-24,161.300003
2015-06-25,161.52221699999998
2015-06-26,162.455551
2015-06-29,162.02221699999998
2015-06-30,162.03333999999998
2015-07-01,164.122223
2015-07-02,173.47778300000002
2015-07-03,171.53333999999998
2015-07-06,177.777771
2015-07-07,183.222229
2015-07-08,182.922226
2015-07-09,178.899994
2015-07-10,178.722229
2015-07-13,182.422226
2015-07-14,188.622223
2015-07-15,188.666672
2015-07-16,193.077774
2015-07-17,193.02221699999998
2015-07-20,195.14444
2015-07-21,193.85556
2015-07-22,200.399994
2015-07-23,200.96666000000002
2015-07-24,202.955551
2015-07-27,204.544449
2015-07-28,207.844437
2015-07-29,206.788895
2015-07-30,208.655548
2015-07-31,204.811111
2015-08-03,202.03333999999998
2015-08-04,203.333328
2015-08-05,201.67778
2015-08-06,201.933334
2015-08-07,215.655548
2015-08-10,214.17777999999998
2015-08-11,212.0
2015-08-12,196.011108
2015-08-13,195.188889
2015-08-14,194.411118
2015-08-17,192.411118
2015-08-18,197.35556
2015-08-19,194.988892
2015-08-20,193.100006
2015-08-21,191.199997
2015-08-24,171.577774
2015-08-25,182.511108
2015-08-26,179.566666
2015-08-27,184.733337
2015-08-28,184.24444599999998
2015-08-31,187.444443
2015-09-01,181.077774
2015-09-02,175.411118
2015-09-03,177.544449
2015-09-04,174.055557
2015-09-07,170.96666000000002
2015-09-08,169.800003
2015-09-09,174.35556
2015-09-10,175.488892
2015-09-11,175.199997
2015-09-14,179.288895
2015-09-15,179.288895
2015-09-16,172.38888500000002
2015-09-18,168.844437
2015-09-21,170.455551
2015-09-22,170.35556
2015-09-23,175.300003
2015-09-24,172.53333999999998
2015-09-28,172.655548
2015-09-29,170.122223
2015-09-30,171.988892
2015-10-01,172.544449
2015-10-05,174.088882
2015-10-06,179.311111
2015-10-07,175.777771
2015-10-08,175.433334
2015-10-09,170.833328
2015-10-12,169.655548
2015-10-13,171.300003
2015-10-14,169.766663
2015-10-15,174.53333999999998
2015-10-16,178.811111
2015-10-19,181.288895
2015-10-20,182.955551
2015-10-21,178.166672
2015-10-23,177.233337
2015-10-26,171.988892
2015-10-27,173.03333999999998
2015-10-28,170.399994
2015-10-29,168.222229
2015-10-30,170.766663
2015-11-02,174.055557
2015-11-03,174.444443
2015-11-04,175.82222
2015-11-05,174.96666000000002
2015-11-06,175.277771
2015-11-09,176.711105
2015-11-10,163.11111499999998
2015-11-13,169.766663
2015-11-16,172.844437
2015-11-17,171.366669
2015-11-18,170.444443
2015-11-19,176.077774
2015-11-20,177.933334
2015-11-23,177.35556
2015-11-24,180.03333999999998
2015-11-26,178.600006
2015-11-27,180.5
2015-11-30,186.688889
2015-12-01,188.277771
2015-12-02,187.544449
2015-12-03,185.47778300000002
2015-12-04,182.5
2015-12-07,186.511108
2015-12-08,185.411118
2015-12-09,179.866669
2015-12-10,184.300003
2015-12-11,183.5
2015-12-14,181.399994
2015-12-15,180.32222
2015-12-16,184.133331
2015-12-17,184.5
2015-12-18,184.600006
2015-12-21,184.97778300000002
2015-12-22,184.88888500000002
2015-12-23,187.555557
2015-12-24,187.922226
2015-12-28,187.32222
2015-12-29,187.422226
2015-12-30,185.422226
2015-12-31,185.82222
2016-01-01,189.74444599999998
2016-01-04,190.32222
2016-01-05,190.366669
2016-01-06,195.922226
2016-01-07,190.811111
2016-01-08,197.233337
2016-01-11,194.788895
2016-01-12,192.988892
2016-01-13,193.699997
2016-01-14,196.766663
2016-01-15,196.96666000000002
2016-01-18,182.75555400000002
2016-01-19,183.199997
2016-01-20,179.044449
2016-01-21,176.777771
2016-01-22,177.433334
2016-01-25,175.511108
2016-01-27,177.14444
2016-01-28,181.555557
2016-01-29,181.32222
2016-02-01,179.233337
2016-02-02,174.311111
2016-02-03,170.88888500000002
2016-02-04,162.788895
2016-02-05,166.300003
2016-02-08,164.944443
2016-02-09,161.488892
2016-02-10,160.64444
2016-02-11,151.833328
2016-02-12,153.233337
2016-02-15,161.911118
2016-02-16,153.64444
2016-02-17,157.455551
2016-02-18,155.622223
2016-02-19,147.788895
2016-02-22,150.35556
2016-02-23,143.02221699999998
2016-02-24,145.155548
2016-02-25,142.64444
2016-02-26,146.96666000000002
2016-02-29,152.877777
2016-03-01,160.288895
2016-03-02,162.38888500000002
2016-03-03,162.344437
2016-03-04,166.25555400000002
2016-03-08,167.0
2016-03-09,164.577774
2016-03-10,160.02221699999998
2016-03-11,161.899994
2016-03-14,160.633331
2016-03-15,164.53333999999998
2016-03-16,163.122223
2016-03-17,168.577774
2016-03-18,166.122223
2016-03-21,169.711105
2016-03-22,170.688889
2016-03-23,166.333328
2016-03-28,166.74444599999998
2016-03-29,170.97778300000002
2016-03-30,174.74444599999998
2016-03-31,175.055557
2016-04-01,176.411118
2016-04-04,175.733337
2016-04-05,177.366669
2016-04-06,181.577774
2016-04-07,181.577774
2016-04-08,181.35556
2016-04-11,185.833328
2016-04-12,184.96666000000002
2016-04-13,188.96666000000002
2016-04-18,193.088882
2016-04-20,187.97778300000002
2016-04-21,190.311111
2016-04-22,189.277771
2016-04-25,191.233337
2016-04-26,190.433334
2016-04-27,190.67778
2016-04-28,184.74444599999998
2016-04-29,185.277771
2016-05-02,186.933334
2016-05-03,185.577774
2016-05-04,184.64444
2016-05-05,182.02221699999998
2016-05-06,186.722229
2016-05-09,184.777771
2016-05-10,184.411118
2016-05-11,186.066666
2016-05-12,184.422226
2016-05-13,184.955551
2016-05-16,185.777771
2016-05-17,187.24444599999998
2016-05-18,187.288895
2016-05-19,186.266663
2016-05-20,184.933334
2016-05-23,184.25555400000002
2016-05-24,179.455551
2016-05-25,186.88888500000002
2016-05-26,188.811111
2016-05-27,207.03333999999998
2016-05-30,202.97778300000002
2016-05-31,201.433334
2016-06-01,201.288895
2016-06-02,202.788895
2016-06-03,207.566666
2016-06-06,204.944443
2016-06-07,201.32222
2016-06-08,200.82222
2016-06-09,200.122223
2016-06-10,198.46666000000002
2016-06-13,199.588882
2016-06-14,197.25555400000002
2016-06-15,204.222229
2016-06-16,203.944443
2016-06-17,204.75555400000002
2016-06-20,204.811111
2016-06-21,207.011108
2016-06-22,205.666672
2016-06-23,211.899994
2016-06-24,207.88888500000002
2016-06-27,216.511108
2016-06-28,220.83332799999997
2016-06-29,219.33332799999997
2016-06-30,221.38888500000002
2016-07-01,226.95555099999999
2016-07-04,230.133331
2016-07-05,229.511108
2016-07-07,229.56666600000003
2016-07-08,228.67777999999998
2016-07-11,234.67777999999998
2016-07-12,236.80000299999998
2016-07-13,233.100006
2016-07-14,237.97778300000002
2016-07-15,237.399994
2016-07-18,235.633331
2016-07-19,246.33332799999997
2016-07-20,249.11111499999998
2016-07-21,257.755554
2016-07-22,260.066681
2016-07-25,270.600006
2016-07-26,268.977783
2016-07-27,276.444458
2016-07-28,273.200012
2016-07-29,280.377777
2016-08-01,281.777771
2016-08-02,276.066681
2016-08-03,271.022217
2016-08-04,268.0
2016-08-05,279.48889199999996
2016-08-08,292.32223500000003
2016-08-09,282.944458
2016-08-10,272.222229
2016-08-11,269.48889199999996
2016-08-12,266.344452
2016-08-16,271.54443399999997
2016-08-17,270.744446
2016-08-18,272.866669
2016-08-19,275.48889199999996
2016-08-22,270.033325
2016-08-23,255.71110499999998
2016-08-24,260.288879
2016-08-25,259.98889199999996
2016-08-26,262.299988
2016-08-29,262.944458
2016-08-30,264.277771
2016-08-31,270.82223500000003
2016-09-01,268.977783
2016-09-02,273.700012
2016-09-06,278.533325
2016-09-07,277.755554
2016-09-08,278.244446
2016-09-09,277.933319
2016-09-12,266.611115
2016-09-14,266.133331
2016-09-15,264.566681
2016-09-16,266.899994
2016-09-19,268.966675
2016-09-20,267.966675
2016-09-21,269.200012
2016-09-22,274.933319
2016-09-23,278.933319
2016-09-26,285.966675
2016-09-27,283.399994
2016-09-28,284.933319
2016-09-29,276.466675
2016-09-30,282.633331
2016-10-03,288.333344
2016-10-04,289.533325
2016-10-05,290.066681
2016-10-06,301.033325
2016-10-07,295.766663
2016-10-10,292.100006
2016-10-13,287.033325
2016-10-14,292.166656
2016-10-17,291.299988
2016-10-18,292.933319
2016-10-19,296.933319
2016-10-20,295.766663
2016-10-21,299.733337
2016-10-24,304.799988
2016-10-25,308.666656
2016-10-26,306.100006
2016-10-27,302.133331
2016-10-28,310.933319
2016-11-01,309.899994
2016-11-02,302.0
2016-11-03,291.5
2016-11-04,290.100006
2016-11-07,296.633331
2016-11-08,300.666656
2016-11-09,300.033325
2016-11-10,308.399994
2016-11-11,299.200012
2016-11-15,296.166656
2016-11-16,295.966675
2016-11-17,295.700012
2016-11-18,306.799988
2016-11-21,294.633331
2016-11-22,300.733337
2016-11-23,302.766663
2016-11-24,301.433319
2016-11-25,308.033325
2016-11-28,320.533325
2016-11-29,316.899994
2016-11-30,314.133331
2016-12-01,298.0
2016-12-02,290.766663
2016-12-05,288.033325
2016-12-06,292.200012
2016-12-07,298.566681
2016-12-08,302.166656
2016-12-09,302.866669
2016-12-12,289.033325
2016-12-13,293.100006
2016-12-14,289.333344
2016-12-15,284.666656
2016-12-16,283.933319
2016-12-19,283.0
2016-12-20,281.633331
2016-12-21,281.299988
2016-12-22,278.700012
2016-12-23,280.366669
2016-12-26,275.533325
2016-12-27,282.966675
2016-12-28,279.700012
2016-12-29,286.333344
2016-12-30,294.200012
2017-01-02,300.0
2017-01-03,309.533325
2017-01-04,307.299988
2017-01-05,315.299988
2017-01-06,311.133331
2017-01-09,308.666656
2017-01-10,319.5
2017-01-11,327.133331
2017-01-12,329.433319
2017-01-13,325.933319
2017-01-16,326.366669
2017-01-17,321.566681
2017-01-18,325.333344
2017-01-19,330.033325
2017-01-20,328.5
2017-01-23,341.266663
2017-01-24,345.299988
2017-01-25,362.966675
2017-01-27,356.733337
2017-01-30,352.066681
2017-01-31,347.566681
2017-02-01,359.233337
2017-02-02,368.033325
2017-02-03,362.566681
2017-02-06,367.466675
2017-02-07,372.766663
2017-02-08,382.100006
2017-02-09,384.600006
2017-02-10,381.100006
2017-02-13,385.533325
2017-02-14,364.100006
2017-02-15,350.100006
2017-02-16,353.466675
2017-02-17,362.0
2017-02-20,371.466675
2017-02-21,374.933319
2017-02-22,369.200012
2017-02-23,380.666656
2017-02-27,373.133331
2017-02-28,358.5
2017-03-01,345.700012
2017-03-02,338.366669
2017-03-03,348.799988
2017-03-06,346.933319
2017-03-07,351.866669
2017-03-08,343.366669
2017-03-09,343.799988
2017-03-10,342.033325
2017-03-14,345.966675
2017-03-15,343.600006
2017-03-16,346.866669
2017-03-17,342.233337
2017-03-20,340.899994
2017-03-21,336.799988
2017-03-22,340.633331
2017-03-23,347.833344
2017-03-24,345.399994
2017-03-27,345.533325
2017-03-28,345.733337
2017-03-29,346.5
2017-03-30,344.866669
2017-03-31,350.433319
2017-04-03,345.733337
2017-04-05,348.899994
2017-04-06,349.700012
2017-04-07,357.200012
2017-04-10,361.466675
2017-04-11,359.0
2017-04-12,361.633331
2017-04-13,372.799988
2017-04-17,371.233337
2017-04-18,368.866669
2017-04-19,369.266663
2017-04-20,368.966675
2017-04-21,371.399994
2017-04-24,371.0
2017-04-25,373.066681
2017-04-26,357.233337
2017-04-27,361.666656
2017-04-28,357.433319
2017-05-02,368.399994
2017-05-03,353.466675
2017-05-04,354.299988
2017-05-05,349.0
2017-05-08,354.066681
2017-05-09,351.566681
2017-05-10,352.799988
2017-05-11,351.299988
2017-05-12,357.133331
2017-05-15,358.100006
2017-05-16,361.333344
2017-05-17,362.366669
2017-05-18,355.633331
2017-05-19,347.566681
2017-05-22,340.433319
2017-05-23,333.066681
2017-05-24,333.133331
2017-05-25,339.200012
2017-05-26,378.399994
2017-05-29,364.833344
2017-05-30,369.366669
2017-05-31,369.466675
2017-06-01,360.799988
2017-06-02,357.833344
2017-06-05,361.466675
2017-06-06,363.5
2017-06-07,360.133331
2017-06-08,359.233337
2017-06-09,359.766663
2017-06-12,363.333344
2017-06-13,360.399994
2017-06-14,364.466675
2017-06-15,345.700012
2017-06-16,353.433319
2017-06-19,353.700012
2017-06-20,356.733337
2017-06-21,352.866669
2017-06-22,341.366669
2017-06-23,338.966675
2017-06-27,334.899994
2017-06-28,341.833344
2017-06-29,338.799988
2017-06-30,340.233337
2017-07-03,344.633331
2017-07-04,341.266663
2017-07-05,344.333344
2017-07-06,339.399994
2017-07-07,334.299988
2017-07-10,341.733337
2017-07-11,340.399994
2017-07-12,359.25
2017-07-13,375.100006
2017-07-14,387.399994
2017-07-17,377.850006
2017-07-18,368.200012
2017-07-19,383.700012
2017-07-20,367.850006
2017-07-21,368.0
2017-07-24,369.299988
2017-07-25,374.0
2017-07-26,370.549988
2017-07-27,367.200012
2017-07-28,374.450012
2017-07-31,383.200012
2017-08-01,386.75
2017-08-02,385.0
2017-08-03,396.799988
2017-08-04,432.60000599999995
2017-08-07,458.10000599999995
2017-08-08,436.14999400000005
2017-08-09,429.64999400000005
2017-08-10,412.450012
2017-08-11,429.049988
2017-08-14,438.60000599999995
2017-08-16,436.39999400000005
2017-08-17,433.950012
2017-08-18,442.39999400000005
2017-08-21,433.799988
2017-08-22,449.700012
2017-08-23,457.89999400000005
2017-08-24,466.200012
2017-08-28,463.299988
2017-08-29,466.950012
2017-08-30,485.950012
2017-08-31,488.35000599999995
2017-09-01,482.39999400000005
2017-09-04,476.5
2017-09-05,481.89999400000005
2017-09-06,476.5
2017-09-07,469.39999400000005
2017-09-08,461.950012
2017-09-11,465.0
2017-09-12,482.200012
2017-09-13,457.5
2017-09-14,459.0
2017-09-15,453.0
2017-09-18,449.0
2017-09-19,461.299988
2017-09-20,452.0
2017-09-21,452.299988
2017-09-22,438.60000599999995
2017-09-25,425.25
2017-09-26,415.600006
2017-09-27,417.049988
2017-09-28,416.100006
2017-09-29,426.799988
2017-10-03,434.60000599999995
2017-10-04,444.14999400000005
2017-10-05,435.64999400000005
2017-10-06,445.450012
2017-10-09,440.0
2017-10-10,436.549988
2017-10-11,455.0
2017-10-12,456.299988
2017-10-13,459.60000599999995
2017-10-16,460.450012
2017-10-17,470.799988
2017-10-18,463.299988
2017-10-19,460.35000599999995
2017-10-23,459.10000599999995
2017-10-24,466.0
2017-10-25,462.5
2017-10-26,481.200012
2017-10-27,456.049988
2017-10-30,454.799988
2017-10-31,447.14999400000005
2017-11-01,443.299988
2017-11-02,445.35000599999995
2017-11-03,445.64999400000005
2017-11-06,434.049988
2017-11-07,444.700012
2017-11-08,434.75
2017-11-09,431.549988
2017-11-10,416.850006
2017-11-13,420.10000599999995
2017-11-14,411.200012
2017-11-15,413.799988
2017-11-16,412.5
2017-11-17,414.799988
2017-11-20,415.549988
2017-11-21,418.700012
2017-11-22,419.5
2017-11-23,424.950012
2017-11-24,430.299988
2017-11-27,423.700012
2017-11-28,417.649994
2017-11-29,416.350006
2017-11-30,416.700012
2017-12-01,409.549988
2017-12-04,412.399994
2017-12-05,412.0
2017-12-06,406.0
2017-12-07,412.649994
2017-12-08,428.450012
2017-12-11,432.549988
2017-12-12,414.950012
2017-12-13,423.35000599999995
2017-12-14,437.25
2017-12-15,443.799988
2017-12-18,437.799988
2017-12-19,436.35000599999995
2017-12-20,431.450012
2017-12-21,426.799988
2017-12-22,429.299988
2017-12-26,430.5
2017-12-27,425.85000599999995
2017-12-28,422.64999400000005
2017-12-29,418.600006
2018-01-01,413.75
2018-01-02,406.399994
2018-01-03,410.950012
2018-01-04,418.850006
2018-01-05,415.0
2018-01-08,421.14999400000005
2018-01-09,417.25
2018-01-10,424.549988
2018-01-11,420.950012
2018-01-12,425.89999400000005
2018-01-15,426.049988
2018-01-16,410.399994
2018-01-17,420.299988
2018-01-18,411.75
2018-01-19,416.200012
2018-01-22,401.799988
2018-01-23,395.899994
2018-01-24,389.149994
2018-01-25,384.149994
2018-01-29,375.149994
2018-01-30,393.0
2018-01-31,397.700012
2018-02-01,392.350006
2018-02-02,374.5
2018-02-05,383.850006
2018-02-06,377.600006
2018-02-07,396.350006
2018-02-08,399.799988
2018-02-09,395.700012
2018-02-12,391.450012
2018-02-14,382.649994
2018-02-15,390.899994
2018-02-16,386.950012
2018-02-19,379.799988
2018-02-20,380.850006
2018-02-21,386.899994
2018-02-22,384.100006
2018-02-23,386.100006
2018-02-26,391.75
2018-02-27,391.5
2018-02-28,380.149994
2018-03-01,376.75
2018-03-05,366.75
2018-03-06,365.600006
2018-03-07,357.799988
2018-03-08,360.549988
2018-03-09,357.049988
2018-03-12,366.75
2018-03-13,382.950012
2018-03-14,375.399994
2018-03-15,371.549988
2018-03-16,364.75
2018-03-19,352.350006
2018-03-20,354.850006
2018-03-21,353.299988
2018-03-22,342.850006
2018-03-23,339.0
2018-03-26,333.299988
2018-03-27,346.899994
2018-03-28,344.850006
2018-04-02,344.5
2018-04-03,353.75
2018-04-04,344.200012
2018-04-05,348.350006
2018-04-06,353.950012
2018-04-09,366.799988
2018-04-10,364.649994
2018-04-11,336.700012
2018-04-12,337.25
2018-04-13,333.75
2018-04-16,331.399994
2018-04-17,330.049988
2018-04-18,319.600006
2018-04-19,301.5
2018-04-20,299.049988
2018-04-23,304.299988
2018-04-24,306.0
2018-04-25,298.049988
2018-04-26,296.350006
2018-04-27,305.950012
2018-04-30,304.5
2018-05-02,297.399994
2018-05-03,294.850006
2018-05-04,294.850006
2018-05-07,297.0
2018-05-08,307.0
2018-05-09,305.25
2018-05-10,307.899994
2018-05-11,318.75
2018-05-14,321.0
2018-05-15,323.450012
2018-05-16,318.399994
2018-05-17,317.5
2018-05-18,312.0
2018-05-21,312.850006
2018-05-22,311.850006
2018-05-23,287.0
2018-05-24,283.25
2018-05-25,295.200012
2018-05-28,313.100006
2018-05-29,315.049988
2018-05-30,306.850006
2018-05-31,311.850006
2018-06-01,312.149994
2018-06-04,312.200012
2018-06-05,314.75
2018-06-06,310.799988
2018-06-07,315.0
2018-06-08,311.299988
2018-06-11,314.450012
2018-06-12,316.899994
2018-06-13,313.899994
2018-06-14,309.75
2018-06-15,306.350006
2018-06-18,322.100006
2018-06-19,313.0
2018-06-20,307.899994
2018-06-21,315.200012
2018-06-22,311.149994
2018-06-25,298.950012
2018-06-26,299.100006
2018-06-27,276.600006
2018-06-28,261.350006
2018-06-29,259.200012
2018-07-02,259.700012
2018-07-03,258.850006
2018-07-04,252.30000299999998
2018-07-05,256.450012
2018-07-06,268.049988
2018-07-09,272.75
2018-07-10,268.299988
2018-07-11,265.149994
2018-07-12,269.299988
2018-07-13,270.200012
2018-07-16,264.350006
2018-07-17,281.299988
2018-07-18,286.100006
2018-07-19,284.399994
2018-07-20,275.399994
2018-07-23,278.899994
2018-07-24,286.100006
2018-07-25,281.950012
2018-07-26,276.799988
2018-07-27,283.600006
2018-07-30,287.600006
2018-07-31,284.799988
2018-08-01,287.350006
2018-08-02,292.5
2018-08-03,292.600006
2018-08-06,294.100006
2018-08-07,288.600006
2018-08-08,282.700012
2018-08-09,280.450012
2018-08-10,286.149994
2018-08-13,273.100006
2018-08-14,270.049988
2018-08-16,266.149994
2018-08-17,267.549988
2018-08-20,270.0
2018-08-21,266.850006
2018-08-23,259.600006
2018-08-24,259.0
2018-08-27,262.049988
2018-08-28,256.899994
2018-08-29,257.700012
2018-08-30,253.05000299999998
2018-08-31,253.80000299999998
2018-09-03,257.5
2018-09-04,250.25
2018-09-05,247.80000299999998
2018-09-06,251.850006
2018-09-07,253.100006
2018-09-10,246.649994
2018-09-11,243.69999700000002
2018-09-12,240.399994
2018-09-14,252.649994
2018-09-17,258.350006
2018-09-18,249.399994
2018-09-19,251.350006
2018-09-21,258.0
2018-09-24,248.149994
2018-09-25,243.149994
2018-09-26,248.0
2018-09-27,249.350006
2018-09-28,251.44999700000002
2018-10-01,243.149994
2018-10-03,251.149994
2018-10-04,217.149994
2018-10-05,165.100006
2018-10-08,179.199997
2018-10-09,171.25
2018-10-10,180.699997
2018-10-11,207.949997
2018-10-12,218.399994
2018-10-15,212.5
2018-10-16,212.149994
2018-10-17,207.300003
2018-10-19,215.899994
2018-10-22,210.600006
2018-10-23,217.899994
2018-10-24,232.75
2018-10-25,226.399994
2018-10-26,225.30000299999998
2018-10-29,230.5
2018-10-30,219.94999700000002
2018-10-31,224.149994
2018-11-01,229.5
2018-11-02,240.19999700000002
2018-11-05,233.19999700000002
2018-11-06,226.30000299999998
2018-11-07,229.600006
2018-11-09,241.30000299999998
2018-11-12,225.05000299999998
2018-11-13,232.80000299999998
2018-11-14,243.69999700000002
2018-11-15,249.100006
2018-11-16,243.649994
2018-11-19,244.30000299999998
2018-11-20,243.25
2018-11-21,245.94999700000002
2018-11-22,242.850006
2018-11-26,246.350006
2018-11-27,245.899994
2018-11-28,238.899994
2018-11-29,242.899994
2018-11-30,232.350006
2018-12-03,224.899994
2018-12-04,228.19999700000002
2018-12-05,226.649994
2018-12-06,225.350006
2018-12-07,224.80000299999998
2018-12-10,226.69999700000002
2018-12-11,220.100006
2018-12-12,219.30000299999998
2018-12-13,225.149994
2018-12-14,227.30000299999998
2018-12-17,228.44999700000002
2018-12-18,231.350006
2018-12-19,236.149994
2018-12-20,244.44999700000002
2018-12-21,250.05000299999998
2018-12-24,246.30000299999998
2018-12-26,248.850006
2018-12-27,252.69999700000002
2018-12-28,255.899994
2018-12-31,253.25
2019-01-01,256.700012
2019-01-02,256.549988
2019-01-03,248.30000299999998
2019-01-04,248.19999700000002
2019-01-07,249.80000299999998
2019-01-08,247.94999700000002
2019-01-09,239.0
2019-01-10,232.899994
2019-01-11,233.5
2019-01-14,233.94999700000002
2019-01-15,241.55000299999998
2019-01-16,240.600006
2019-01-17,244.19999700000002
2019-01-18,239.5
2019-01-21,238.649994
2019-01-22,242.0
2019-01-23,241.850006
2019-01-24,243.100006
2019-01-25,241.80000299999998
2019-01-28,239.19999700000002
2019-01-29,235.30000299999998
2019-01-30,231.149994
2019-01-31,233.5
2019-02-01,234.0
2019-02-04,226.5
2019-02-05,225.149994
2019-02-06,233.899994
2019-02-07,236.850006
2019-02-08,230.350006
2019-02-11,231.600006
2019-02-12,234.05000299999998
2019-02-14,220.69999700000002
2019-02-15,216.350006
2019-02-18,212.649994
2019-02-19,214.80000299999998
2019-02-20,220.94999700000002
2019-02-21,222.94999700000002
2019-02-22,230.94999700000002
2019-02-25,228.149994
2019-02-26,225.850006
2019-02-27,222.649994
2019-02-28,223.350006
2019-03-01,232.69999700000002
2019-03-05,246.75
2019-03-06,246.44999700000002
2019-03-07,249.0
2019-03-08,249.850006
2019-03-11,263.399994
2019-03-12,261.850006
2019-03-13,267.850006
2019-03-14,267.149994
2019-03-15,276.950012
2019-03-18,286.799988
2019-03-19,290.75
2019-03-20,275.100006
2019-03-22,268.350006
2019-03-25,274.25
2019-03-26,277.049988
2019-03-27,269.200012
2019-03-28,272.450012
2019-04-01,283.799988
2019-04-02,273.950012
2019-04-03,260.5
2019-04-04,258.75
2019-04-05,263.850006
2019-04-08,252.80000299999998
2019-04-09,256.100006
2019-04-10,255.94999700000002
2019-04-11,260.450012
2019-04-12,260.149994
2019-04-15,257.100006
2019-04-16,264.649994
2019-04-18,266.600006
2019-04-22,249.899994
2019-04-23,254.850006
2019-04-24,268.799988
2019-04-25,275.049988
2019-04-26,282.899994
2019-04-30,291.25
2019-05-02,281.950012
2019-05-03,286.049988
2019-05-06,292.25
2019-05-07,285.0
2019-05-08,281.899994
2019-05-09,276.700012
2019-05-10,272.149994
2019-05-13,262.75
2019-05-14,268.200012
2019-05-15,267.399994
2019-05-16,281.100006
2019-05-17,274.700012
2019-05-20,293.5
2019-05-21,284.549988
2019-05-22,288.75
2019-05-23,289.649994
2019-05-24,302.25
2019-05-27,316.549988
2019-05-28,318.25
2019-05-29,313.549988
2019-05-30,317.649994
2019-05-31,324.25
2019-06-03,324.75
2019-06-04,317.850006
2019-06-06,308.100006
2019-06-07,311.399994
2019-06-10,305.600006
2019-06-11,308.649994
2019-06-12,302.149994
2019-06-13,309.649994
2019-06-14,306.450012
2019-06-17,294.549988
2019-06-18,301.700012
2019-06-19,295.75
2019-06-20,292.649994
2019-06-21,291.899994
2019-06-24,288.600006
2019-06-25,295.5
2019-06-26,287.850006
2019-06-27,289.299988
2019-06-28,290.049988
2019-07-01,282.549988
2019-07-02,285.850006
2019-07-03,287.950012
2019-07-04,288.649994
2019-07-05,287.5
2019-07-08,283.100006
2019-07-09,287.899994
2019-07-10,286.700012
2019-07-11,286.600006
2019-07-12,281.5
2019-07-15,286.25
2019-07-16,295.700012
2019-07-17,297.0
2019-07-18,291.200012
2019-07-19,292.25
2019-07-22,293.700012
2019-07-23,290.299988
2019-07-24,278.600006
2019-07-25,266.75
2019-07-26,275.350006
2019-07-29,268.899994
2019-07-30,258.299988
2019-07-31,266.049988
2019-08-01,263.399994
2019-08-02,253.399994
2019-08-05,255.5
2019-08-06,253.55000299999998
2019-08-07,244.44999700000002
2019-08-08,250.399994
2019-08-09,247.100006
2019-08-13,240.69999700000002
2019-08-14,246.600006
2019-08-16,245.5
2019-08-19,244.69999700000002
2019-08-20,241.600006
2019-08-21,238.75
2019-08-22,226.44999700000002
2019-08-23,238.30000299999998
2019-08-26,252.44999700000002
2019-08-27,259.75
2019-08-28,265.049988
2019-08-29,265.899994
2019-08-30,260.149994
2019-09-03,256.799988
2019-09-04,257.200012
2019-09-05,265.049988
2019-09-06,261.899994
2019-09-09,261.950012
2019-09-11,266.0
2019-09-12,262.649994
2019-09-13,271.149994
2019-09-16,255.649994
2019-09-17,245.899994
2019-09-18,255.05000299999998
2019-09-19,251.0
2019-09-20,277.25
2019-09-23,288.450012
2019-09-24,282.850006
2019-09-25,285.399994
2019-09-26,304.649994
2019-09-27,305.850006
2019-09-30,301.700012
2019-10-01,309.450012
2019-10-03,322.950012
2019-10-04,320.700012
2019-10-07,307.350006
2019-10-09,314.5
2019-10-10,311.149994
2019-10-11,308.450012
2019-10-14,310.5
2019-10-15,311.049988
2019-10-16,313.149994
2019-10-17,313.950012
2019-10-18,313.850006
2019-10-22,316.899994
2019-10-23,308.700012
2019-10-24,299.100006
2019-10-25,301.049988
2019-10-27,0.0
2019-10-29,310.049988
2019-10-30,318.399994
2019-10-31,325.25
2019-11-01,320.950012
2019-11-04,319.100006
2019-11-05,312.5
2019-11-06,313.950012
2019-11-07,310.450012
2019-11-08,293.950012
2019-11-11,298.700012
2019-11-13,291.299988
2019-11-14,288.549988
2019-11-15,290.200012
2019-11-18,290.149994
2019-11-19,290.200012
2019-11-20,295.899994
2019-11-21,286.799988
2019-11-22,290.350006
2019-11-25,295.600006
2019-11-26,289.399994
2019-11-27,286.5
2019-11-28,290.700012
2019-11-29,282.600006
2019-12-02,281.799988
2019-12-03,274.399994
2019-12-04,269.799988
2019-12-05,265.899994
2019-12-06,263.0
2019-12-09,268.899994
2019-12-10,260.450012
2019-12-11,262.649994
2019-12-12,266.200012
2019-12-13,267.399994
2019-12-16,266.799988
2019-12-17,264.899994
2019-12-18,263.799988
2019-12-19,264.850006
2019-12-20,263.899994
2019-12-23,265.950012
2019-12-24,262.450012
2019-12-26,258.600006
2019-12-27,266.600006
2019-12-30,267.200012
2019-12-31,264.5
2020-01-01,265.5
2020-01-02,269.5
2020-01-03,263.700012
2020-01-06,244.649994
2020-01-07,242.149994
2020-01-08,241.69999700000002
2020-01-09,252.94999700000002
2020-01-10,253.350006
2020-01-13,252.350006
2020-01-14,254.5
2020-01-15,255.94999700000002
2020-01-16,250.19999700000002
2020-01-17,249.649994
2020-01-20,248.75
2020-01-21,249.44999700000002
2020-01-22,245.149994
2020-01-23,246.80000299999998
2020-01-24,244.80000299999998
2020-01-27,241.0
2020-01-28,242.350006
2020-01-29,245.69999700000002
2020-01-30,240.100006
2020-01-31,232.44999700000002
2020-02-03,223.399994
2020-02-04,231.69999700000002
2020-02-05,236.94999700000002
2020-02-06,243.399994
2020-02-07,241.05000299999998
2020-02-10,238.850006
2020-02-11,240.0
2020-02-12,233.55000299999998
2020-02-13,235.05000299999998
2020-02-14,233.850006
2020-02-17,230.0
2020-02-18,224.94999700000002
2020-02-19,226.44999700000002
2020-02-20,222.399994
2020-02-24,216.19999700000002
2020-02-25,211.05000299999998
2020-02-26,208.850006
2020-02-27,204.399994
2020-02-28,197.550003
2020-03-02,194.949997
2020-03-03,205.550003
2020-03-04,206.100006
2020-03-05,203.699997
2020-03-06,201.149994
2020-03-09,212.600006
2020-03-11,211.05000299999998
2020-03-12,184.199997
2020-03-13,197.600006
2020-03-16,204.800003
2020-03-17,217.05000299999998
2020-03-18,205.300003
2020-03-19,190.100006
2020-03-20,208.5
2020-03-23,183.800003
2020-03-24,184.550003
2020-03-25,177.399994
2020-03-26,177.300003
2020-03-27,170.25
2020-03-30,167.899994
2020-03-31,190.100006
2020-04-01,184.0
2020-04-03,184.199997
2020-04-07,200.100006
2020-04-08,199.5
2020-04-09,207.850006
2020-04-13,205.449997
2020-04-15,208.449997
2020-04-16,213.850006
2020-04-17,217.69999700000002
2020-04-20,227.399994
2020-04-21,215.850006
2020-04-22,212.69999700000002
2020-04-23,209.5
2020-04-24,201.399994
2020-04-27,208.25
2020-04-28,210.899994
2020-04-29,208.350006
2020-04-30,220.30000299999998
2020-05-04,207.800003
2020-05-05,214.600006
2020-05-06,202.5
2020-05-07,200.899994
2020-05-08,196.949997
2020-05-11,192.649994
2020-05-12,189.949997
2020-05-13,192.300003
2020-05-14,190.25
2020-05-15,189.100006
2020-05-18,172.5
2020-05-19,171.350006
2020-05-20,178.850006
2020-05-21,180.75
2020-05-22,182.199997
2020-05-26,179.300003
2020-05-27,185.75
2020-05-28,185.850006
2020-05-29,194.550003
2020-06-01,195.699997
2020-06-02,193.75
2020-06-03,197.050003
2020-06-04,195.25
2020-06-05,204.600006
2020-06-08,216.44999700000002
2020-06-09,211.649994
2020-06-10,207.850006
2020-06-11,205.25
2020-06-12,210.850006
2020-06-15,206.699997
2020-06-16,209.80000299999998
2020-06-17,214.100006
2020-06-18,222.899994
2020-06-19,223.649994
2020-06-22,238.600006
2020-06-23,237.600006
2020-06-24,228.399994
2020-06-25,221.850006
2020-06-26,231.25
2020-06-29,225.19999700000002
2020-06-30,216.75
2020-07-01,222.350006
2020-07-02,215.149994
2020-07-03,215.850006
2020-07-06,215.600006
2020-07-07,211.149994
2020-07-08,211.80000299999998
2020-07-09,205.350006
2020-07-10,209.899994
2020-07-13,210.80000299999998
2020-07-14,210.44999700000002
2020-07-15,202.649994
2020-07-16,209.80000299999998
2020-07-17,224.0
2020-07-20,227.100006
2020-07-21,234.25
2020-07-22,228.19999700000002
2020-07-23,232.05000299999998
2020-07-24,228.399994
2020-07-27,231.80000299999998
2020-07-28,232.94999700000002
2020-07-29,228.350006
2020-07-30,223.05000299999998
2020-07-31,215.0
2020-08-03,217.649994
2020-08-04,215.0
2020-08-05,212.94999700000002
2020-08-06,216.100006
2020-08-07,213.600006
2020-08-10,215.25
2020-08-11,215.25
2020-08-12,211.850006
2020-08-13,212.350006
2020-08-14,208.649994
2020-08-17,211.05000299999998
2020-08-18,209.850006
2020-08-19,210.80000299999998
2020-08-20,214.69999700000002
2020-08-21,212.44999700000002
2020-08-24,211.649994
2020-08-25,211.25
2020-08-26,209.449997
2020-08-27,208.399994
2020-08-28,209.600006
2020-08-31,201.550003
2020-09-01,199.649994
2020-09-02,200.75
2020-09-03,199.800003
2020-09-04,197.100006
2020-09-07,197.449997
2020-09-08,198.699997
2020-09-09,193.75
2020-09-10,201.199997
2020-09-11,199.149994
2020-09-14,196.050003
2020-09-15,198.25
2020-09-16,195.399994
2020-09-17,196.850006
2020-09-18,194.050003
2020-09-21,189.199997
2020-09-22,180.399994
2020-09-23,177.350006
2020-09-24,172.300003
2020-09-25,178.600006
2020-09-28,184.0
2020-09-29,184.800003
2020-09-30,180.649994
2020-10-01,175.5
2020-10-05,175.600006
2020-10-06,173.699997
2020-10-07,171.050003
2020-10-08,170.949997
2020-10-09,176.0
2020-10-12,171.399994
2020-10-13,170.399994
2020-10-14,168.600006
2020-10-15,164.050003
2020-10-16,169.300003
2020-10-19,175.850006
2020-10-20,172.350006
2020-10-21,177.649994
2020-10-22,179.350006
2020-10-23,182.550003
2020-10-26,174.449997
2020-10-27,173.550003
2020-10-28,171.899994
2020-10-29,179.600006
2020-10-30,187.649994
2020-11-02,187.300003
2020-11-03,185.649994
2020-11-04,186.75
2020-11-05,205.25
2020-11-06,205.350006
2020-11-09,208.050003
2020-11-10,212.5
2020-11-11,214.69999700000002
2020-11-12,213.600006
2020-11-13,214.649994
2020-11-14,0.0
2020-11-17,217.69999700000002
2020-11-18,213.75
2020-11-19,213.350006
2020-11-20,214.05000299999998
2020-11-23,215.399994
2020-11-24,214.44999700000002
2020-11-25,212.05000299999998
2020-11-26,213.149994
2020-11-27,209.350006
2020-12-01,211.600006
2020-12-02,214.69999700000002
2020-12-03,220.25
2020-12-04,216.649994
2020-12-07,216.69999700000002
2020-12-08,215.850006
2020-12-09,218.30000299999998
2020-12-10,215.55000299999998
2020-12-11,217.350006
2020-12-14,228.69999700000002
2020-12-15,226.44999700000002
2020-12-16,230.600006
2020-12-17,225.94999700000002
2020-12-18,224.399994
2020-12-21,209.350006
2020-12-22,210.850006
2020-12-23,210.30000299999998
2020-12-24,213.649994
2020-12-28,215.19999700000002
2020-12-29,215.399994
2020-12-30,216.44999700000002
2020-12-31,217.899994
2021-01-01,221.25
2021-01-04,222.75
2021-01-05,223.100006
2021-01-06,220.94999700000002
2021-01-07,222.80000299999998
2021-01-08,225.5
2021-01-11,224.350006
2021-01-12,224.899994
2021-01-13,227.149994
2021-01-14,233.600006
2021-01-15,228.600006
2021-01-18,231.25
2021-01-19,231.899994
2021-01-20,231.05000299999998
2021-01-21,228.80000299999998
2021-01-22,225.399994
2021-01-25,220.19999700000002
2021-01-27,216.649994
2021-01-28,221.5
2021-01-29,218.600006
2021-02-01,217.94999700000002
2021-02-02,222.30000299999998
2021-02-03,225.25
2021-02-04,229.600006
2021-02-05,225.05000299999998
2021-02-08,229.55000299999998
2021-02-09,226.55000299999998
2021-02-10,224.899994
2021-02-11,227.399994
2021-02-12,223.850006
2021-02-15,222.600006
2021-02-16,225.649994
2021-02-17,234.44999700000002
2021-02-18,245.69999700000002
2021-02-19,244.0
2021-02-22,241.5
2021-02-23,244.899994
2021-02-24,244.75
2021-02-25,252.44999700000002
2021-02-26,242.44999700000002
2021-03-01,247.5
2021-03-02,250.100006
2021-03-03,248.899994
2021-03-04,245.850006
2021-03-05,243.19999700000002
2021-03-08,243.149994
2021-03-09,238.19999700000002
2021-03-10,241.0
2021-03-12,241.350006
2021-03-15,241.899994
2021-03-16,241.649994
2021-03-17,235.899994
2021-03-18,233.649994
2021-03-19,234.75
2021-03-22,236.55000299999998
2021-03-23,239.0
2021-03-24,232.5
2021-03-25,227.25
2021-03-26,229.80000299999998
2021-03-30,230.0
2021-03-31,234.5
2021-04-01,237.600006
2021-04-05,235.25
2021-04-06,235.399994
2021-04-07,236.05000299999998
2021-04-08,238.75
2021-04-09,234.05000299999998
2021-04-12,226.399994
2021-04-13,231.55000299999998
2021-04-15,237.149994
2021-04-16,236.55000299999998
2021-04-19,231.399994
2021-04-20,232.69999700000002
2021-04-22,233.5
2021-04-23,233.69999700000002
2021-04-26,232.5
2021-04-27,232.94999700000002
2021-04-28,231.350006
